dataset,method,param,exit_status,elapsed_seconds,wall_time,max_process_rss_kb,max_yarn_allocated_gb,system_used_max_gb,lines,hdfs_read_gb,hdfs_write_gb,gc_time_ms
ds-00-000mb-100files-tiny-news,hadoop-base,r1,0,45,0:45.21,360900,3.00,3.03,9730,0.0000,0.0000,0
ds-00-000mb-100files-tiny-news,hadoop-base,r2,0,44,0:44.32,335948,2.00,2.54,9730,0.0000,0.0000,0
ds-00-000mb-100files-tiny-news,hadoop-base,r4,0,29,0:29.25,284372,4.00,2.73,9730,0.0000,0.0000,0
ds-00-000mb-100files-tiny-news,hadoop-base,r8,0,37,0:37.35,331516,2.00,2.50,9730,0.0000,0.0000,0
ds-00-000mb-100files-tiny-news,hadoop-base,r16,0,41,0:41.36,320408,4.00,2.65,9730,0.0000,0.0000,0
ds-00-000mb-100files-tiny-news,hadoop-base,r24,0,50,0:49.98,339928,5.00,3.12,9730,0.0000,0.0000,0
ds-00-000mb-100files-tiny-news,hadoop-inmapper,r1,0,27,0:26.42,366356,2.00,2.72,9730,0.0000,0.0000,0
ds-00-000mb-100files-tiny-news,hadoop-inmapper,r2,0,25,0:25.35,364664,1.00,2.88,9730,0.0000,0.0000,0
ds-00-000mb-100files-tiny-news,hadoop-inmapper,r4,0,30,0:29.43,284008,2.00,2.55,9730,0.0000,0.0000,0
ds-00-000mb-100files-tiny-news,hadoop-inmapper,r8,0,31,0:31.45,340620,5.00,3.24,9730,0.0000,0.0000,0
ds-00-000mb-100files-tiny-news,hadoop-inmapper,r16,0,42,0:41.56,337936,4.00,2.74,9730,0.0000,0.0000,0
ds-00-000mb-100files-tiny-news,hadoop-inmapper,r24,0,50,0:50.05,372232,5.00,3.16,9730,0.0000,0.0000,0
ds-00-000mb-100files-tiny-news,pyspark-fastest,p4,0,96,1:36.32,387468,4.00,2.85,9730,0.0000,0.0000,0
ds-00-000mb-100files-tiny-news,pyspark-fastest,p8,0,41,0:40.65,528064,4.00,3.01,9730,0.0000,0.0000,0
ds-00-000mb-100files-tiny-news,pyspark-fastest,p16,0,43,0:42.79,627572,4.00,3.10,9730,0.0000,0.0000,0
ds-00-000mb-100files-tiny-news,pyspark-fastest,p24,0,42,0:42.23,585284,4.00,3.16,9730,0.0000,0.0000,0
ds-00-000mb-100files-tiny-news,pyspark-fastest,p32,0,48,0:48.40,584072,4.00,3.12,9730,0.0000,0.0000,0
ds-00-000mb-100files-tiny-news,pyspark-fastest,p40,0,49,0:48.34,579240,4.00,2.95,9730,0.0000,0.0000,0
ds-00-000mb-100files-tiny-news,java-spark,p4,0,39,0:39.61,537144,4.00,3.09,9730,0.0000,0.0000,0
ds-00-000mb-100files-tiny-news,java-spark,p8,0,39,0:39.49,475088,4.00,3.05,9730,0.0000,0.0000,0
ds-00-000mb-100files-tiny-news,java-spark,p16,0,42,0:41.68,553628,4.00,2.99,9730,0.0000,0.0000,0
ds-00-000mb-100files-tiny-news,java-spark,p24,0,43,0:43.26,540792,4.00,2.85,9730,0.0000,0.0000,0
ds-00-000mb-100files-tiny-news,java-spark,p32,0,42,0:42.24,551980,4.00,3.06,9730,0.0000,0.0000,0
ds-00-000mb-100files-tiny-news,java-spark,p40,0,44,0:43.52,499092,4.00,3.12,9730,0.0000,0.0000,0
ds-00-000mb-100files-tiny-news,sequential-python,local,0,0,0:00.16,13528,0.00,0.00,9730,0,0,0
ds-01-004mb-1000files-news-small,hadoop-base,r1,0,49,0:49.07,317028,0.00,2.50,33504,0.0000,0.0000,0
ds-01-004mb-1000files-news-small,hadoop-base,r2,0,39,0:39.07,369860,0.00,2.54,33504,0.0000,0.0000,0
ds-01-004mb-1000files-news-small,hadoop-base,r4,0,35,0:34.75,361944,0.00,2.57,33504,0.0000,0.0000,0
ds-01-004mb-1000files-news-small,hadoop-base,r8,0,44,0:43.83,369516,5.00,3.24,33504,0.0000,0.0000,0
ds-01-004mb-1000files-news-small,hadoop-base,r16,0,49,0:48.75,332416,4.00,2.92,33504,0.0000,0.0000,0
ds-01-004mb-1000files-news-small,hadoop-base,r24,0,57,0:56.85,359632,4.00,2.83,33504,0.0000,0.0000,0
ds-01-004mb-1000files-news-small,hadoop-inmapper,r1,0,33,0:32.95,325004,0.00,2.53,33504,0.0000,0.0000,0
ds-01-004mb-1000files-news-small,hadoop-inmapper,r2,0,32,0:31.66,339136,2.00,2.54,33504,0.0000,0.0000,0
ds-01-004mb-1000files-news-small,hadoop-inmapper,r4,0,34,0:33.85,365180,1.00,2.93,33504,0.0000,0.0000,0
ds-01-004mb-1000files-news-small,hadoop-inmapper,r8,0,36,0:35.56,367624,1.00,2.94,33504,0.0000,0.0000,0
ds-01-004mb-1000files-news-small,hadoop-inmapper,r16,0,44,0:43.81,336196,4.00,2.78,33504,0.0000,0.0000,0
ds-01-004mb-1000files-news-small,hadoop-inmapper,r24,0,52,0:52.74,278252,4.00,2.75,33504,0.0000,0.0000,0
ds-01-004mb-1000files-news-small,pyspark-fastest,p4,0,53,0:52.44,615660,5.00,3.26,33504,0.0000,0.0000,0
ds-01-004mb-1000files-news-small,pyspark-fastest,p8,0,42,0:41.88,528040,4.00,3.14,33504,0.0000,0.0000,0
ds-01-004mb-1000files-news-small,pyspark-fastest,p16,0,47,0:46.13,533952,4.00,3.01,33504,0.0000,0.0000,0
ds-01-004mb-1000files-news-small,pyspark-fastest,p24,0,47,0:47.01,600424,4.00,3.20,33504,0.0000,0.0000,0
ds-01-004mb-1000files-news-small,pyspark-fastest,p32,0,44,0:44.00,576448,4.00,3.30,33504,0.0000,0.0000,0
ds-01-004mb-1000files-news-small,pyspark-fastest,p40,0,49,0:48.70,569792,4.00,3.10,33504,0.0000,0.0000,0
ds-01-004mb-1000files-news-small,java-spark,p4,0,47,0:46.76,553036,4.00,3.13,33504,0.0000,0.0000,0
ds-01-004mb-1000files-news-small,java-spark,p8,0,44,0:43.52,538764,4.00,2.99,33504,0.0000,0.0000,0
ds-01-004mb-1000files-news-small,java-spark,p16,0,42,0:42.16,580084,4.00,3.15,33504,0.0000,0.0000,0
ds-01-004mb-1000files-news-small,java-spark,p24,0,44,0:43.51,611924,4.00,3.17,33504,0.0000,0.0000,0
ds-01-004mb-1000files-news-small,java-spark,p32,0,48,0:47.78,548684,4.00,2.99,33504,0.0000,0.0000,0
ds-01-004mb-1000files-news-small,java-spark,p40,0,49,0:49.05,531004,4.00,2.96,33504,0.0000,0.0000,0
ds-01-004mb-1000files-news-small,sequential-python,local,0,1,0:01.24,31056,0.00,0.00,33504,0,0,0
combo-06-ds00-01-004mb-1100f,hadoop-base,r1,0,33,0:33.54,328508,0.00,2.53,33504,0.0000,0.0000,0
combo-06-ds00-01-004mb-1100f,hadoop-base,r2,0,37,0:36.94,324156,3.00,3.47,33504,0.0000,0.0000,0
combo-06-ds00-01-004mb-1100f,hadoop-base,r4,0,36,0:35.68,353832,2.00,3.09,33504,0.0000,0.0000,0
combo-06-ds00-01-004mb-1100f,hadoop-base,r8,0,40,0:40.03,353084,3.00,2.91,33504,0.0000,0.0000,0
combo-06-ds00-01-004mb-1100f,hadoop-base,r16,0,47,0:46.88,334824,4.00,2.68,33504,0.0000,0.0000,0
combo-06-ds00-01-004mb-1100f,hadoop-base,r24,0,57,0:56.25,310224,4.00,2.68,33504,0.0000,0.0000,0
combo-06-ds00-01-004mb-1100f,hadoop-inmapper,r1,0,31,0:31.02,336112,0.00,2.53,33504,0.0000,0.0000,0
combo-06-ds00-01-004mb-1100f,hadoop-inmapper,r2,0,32,0:31.54,355776,0.00,2.53,33504,0.0000,0.0000,0
combo-06-ds00-01-004mb-1100f,hadoop-inmapper,r4,0,34,0:33.91,352624,2.00,2.58,33504,0.0000,0.0000,0
combo-06-ds00-01-004mb-1100f,hadoop-inmapper,r8,0,38,0:38.19,332184,1.00,2.89,33504,0.0000,0.0000,0
combo-06-ds00-01-004mb-1100f,hadoop-inmapper,r16,0,45,0:44.88,316128,4.00,2.69,33504,0.0000,0.0000,0
combo-06-ds00-01-004mb-1100f,hadoop-inmapper,r24,0,53,0:53.79,328004,4.00,2.65,33504,0.0000,0.0000,0
combo-06-ds00-01-004mb-1100f,pyspark-fastest,p4,0,45,0:44.97,614808,5.00,3.33,33504,0.0000,0.0000,0
combo-06-ds00-01-004mb-1100f,pyspark-fastest,p8,0,42,0:41.88,598024,4.00,3.35,33504,0.0000,0.0000,0
combo-06-ds00-01-004mb-1100f,pyspark-fastest,p16,0,49,0:48.63,583400,4.00,3.16,33504,0.0000,0.0000,0
combo-06-ds00-01-004mb-1100f,pyspark-fastest,p24,0,44,0:44.04,518844,4.00,3.07,33504,0.0000,0.0000,0
combo-06-ds00-01-004mb-1100f,pyspark-fastest,p32,0,46,0:45.65,601732,4.00,3.18,33504,0.0000,0.0000,0
combo-06-ds00-01-004mb-1100f,pyspark-fastest,p40,0,47,0:47.34,595420,4.00,3.11,33504,0.0000,0.0000,0
combo-06-ds00-01-004mb-1100f,java-spark,p4,0,40,0:40.42,517648,5.00,3.10,33504,0.0000,0.0000,0
combo-06-ds00-01-004mb-1100f,java-spark,p8,0,41,0:41.50,527176,5.00,3.40,33504,0.0000,0.0000,0
combo-06-ds00-01-004mb-1100f,java-spark,p16,0,43,0:43.03,565324,4.00,3.14,33504,0.0000,0.0000,0
combo-06-ds00-01-004mb-1100f,java-spark,p24,0,43,0:43.80,523332,4.00,3.06,33504,0.0000,0.0000,0
combo-06-ds00-01-004mb-1100f,java-spark,p32,0,44,0:43.28,541124,4.00,3.03,33504,0.0000,0.0000,0
combo-06-ds00-01-004mb-1100f,java-spark,p40,0,49,0:49.32,545220,4.00,2.79,33504,0.0000,0.0000,0
combo-06-ds00-01-004mb-1100f,sequential-python,local,0,2,0:01.31,31012,0.00,0.00,33504,0,0,0
ds-11-096mb-116files-archive,hadoop-base,r1,0,77,1:17.02,320392,2.00,3.17,690296,0.0000,0.0000,0
ds-11-096mb-116files-archive,hadoop-base,r2,0,73,1:12.11,334828,0.00,2.46,690296,0.0000,0.0000,0
ds-11-096mb-116files-archive,hadoop-base,r4,0,75,1:14.94,362744,4.00,2.77,690296,0.0000,0.0000,0
ds-11-096mb-116files-archive,hadoop-base,r8,0,80,1:20.05,329980,2.00,3.23,690296,0.0000,0.0000,0
ds-11-096mb-116files-archive,hadoop-base,r16,0,87,1:26.83,338872,5.00,3.64,690296,0.0000,0.0000,0
ds-11-096mb-116files-archive,hadoop-base,r24,0,96,1:36.17,362848,5.00,3.58,690296,0.0000,0.0000,0
ds-11-096mb-116files-archive,hadoop-inmapper,r1,0,47,0:46.92,356208,3.00,3.57,690296,0.0000,0.0000,0
ds-11-096mb-116files-archive,hadoop-inmapper,r2,0,46,0:45.59,333728,3.00,3.22,690296,0.0000,0.0000,0
ds-11-096mb-116files-archive,hadoop-inmapper,r4,0,45,0:45.45,338556,3.00,2.85,690296,0.0000,0.0000,0
ds-11-096mb-116files-archive,hadoop-inmapper,r8,0,50,0:49.63,359636,5.00,3.06,690296,0.0000,0.0000,0
ds-11-096mb-116files-archive,hadoop-inmapper,r16,0,61,1:00.69,333936,4.00,3.21,690296,0.0000,0.0000,0
ds-11-096mb-116files-archive,hadoop-inmapper,r24,0,71,1:10.95,321224,5.00,3.51,690296,0.0000,0.0000,0
ds-11-096mb-116files-archive,pyspark-fastest,p4,0,53,0:52.30,597256,4.00,3.38,690296,0.0000,0.0000,0
ds-11-096mb-116files-archive,pyspark-fastest,p8,0,48,0:47.62,573292,4.00,3.05,690296,0.0000,0.0000,0
ds-11-096mb-116files-archive,pyspark-fastest,p16,0,50,0:49.34,618160,4.00,3.01,690296,0.0000,0.0000,0
ds-11-096mb-116files-archive,pyspark-fastest,p24,0,51,0:51.51,589352,4.00,3.39,690296,0.0000,0.0000,0
ds-11-096mb-116files-archive,pyspark-fastest,p32,0,51,0:51.31,546572,4.00,3.40,690296,0.0000,0.0000,0
ds-11-096mb-116files-archive,pyspark-fastest,p40,0,48,0:48.34,564428,4.00,3.18,690296,0.0000,0.0000,0
ds-11-096mb-116files-archive,java-spark,p4,0,47,0:47.10,508784,4.00,3.03,690296,0.0000,0.0000,0
ds-11-096mb-116files-archive,java-spark,p8,0,49,0:49.07,539168,4.00,3.12,690296,0.0000,0.0000,0
ds-11-096mb-116files-archive,java-spark,p16,0,53,0:52.97,513008,4.00,3.29,690296,0.0000,0.0000,0
ds-11-096mb-116files-archive,java-spark,p24,0,46,0:46.39,535804,4.00,3.16,690296,0.0000,0.0000,0
ds-11-096mb-116files-archive,java-spark,p32,0,52,0:52.33,545848,4.00,3.36,690296,0.0000,0.0000,0
ds-11-096mb-116files-archive,java-spark,p40,0,61,1:01.44,530712,4.00,3.26,690296,0.0000,0.0000,0
ds-11-096mb-116files-archive,sequential-python,local,0,17,0:17.11,365840,0.00,2.45,690296,0,0,0
ds-04-339mb-844files,hadoop-base,r1,0,128,2:08.38,308884,4.00,3.85,1720699,0.0000,0.0000,0
ds-04-339mb-844files,hadoop-base,r2,0,116,1:56.35,348968,4.00,3.91,1720699,0.0000,0.0000,0
ds-04-339mb-844files,hadoop-base,r4,0,117,1:56.80,331276,4.00,3.87,1720699,0.0000,0.0000,0
ds-04-339mb-844files,hadoop-base,r8,0,117,1:57.62,322964,4.00,3.88,1720699,0.0000,0.0000,0
ds-04-339mb-844files,hadoop-base,r16,0,124,2:03.68,323452,4.00,3.77,1720699,0.0000,0.0000,0
ds-04-339mb-844files,hadoop-base,r24,0,134,2:13.60,320080,4.00,3.97,1720699,0.0000,0.0000,0
ds-04-339mb-844files,hadoop-inmapper,r1,0,75,1:15.56,280304,4.00,3.82,1720699,0.0000,0.0000,0
ds-04-339mb-844files,hadoop-inmapper,r2,0,67,1:06.98,352068,4.00,3.78,1720699,0.0000,0.0000,0
ds-04-339mb-844files,hadoop-inmapper,r4,0,67,1:07.33,328032,4.00,3.85,1720699,0.0000,0.0000,0
ds-04-339mb-844files,hadoop-inmapper,r8,0,74,1:14.39,331948,4.00,3.75,1720699,0.0000,0.0000,0
ds-04-339mb-844files,hadoop-inmapper,r16,0,83,1:23.49,337756,5.00,4.27,1720699,0.0000,0.0000,0
ds-04-339mb-844files,hadoop-inmapper,r24,0,100,1:39.68,310904,5.00,4.25,1720699,0.0000,0.0000,0
ds-04-339mb-844files,pyspark-fastest,p4,0,76,1:15.66,529844,4.00,3.71,1720699,0.0000,0.0000,0
ds-04-339mb-844files,pyspark-fastest,p8,0,63,1:03.14,528176,4.00,3.46,1720699,0.0000,0.0000,0
ds-04-339mb-844files,pyspark-fastest,p16,0,60,1:00.21,607428,4.00,3.44,1720699,0.0000,0.0000,0
ds-04-339mb-844files,pyspark-fastest,p24,0,59,0:58.96,563924,4.00,3.62,1720699,0.0000,0.0000,0
ds-04-339mb-844files,pyspark-fastest,p32,0,66,1:06.26,567360,4.00,3.36,1720699,0.0000,0.0000,0
ds-04-339mb-844files,pyspark-fastest,p40,0,66,1:05.93,577212,4.00,3.38,1720699,0.0000,0.0000,0
ds-04-339mb-844files,java-spark,p4,0,71,1:10.93,518896,4.00,3.98,1720699,0.0000,0.0000,0
ds-04-339mb-844files,java-spark,p8,0,79,1:19.56,505264,4.00,3.58,1720699,0.0000,0.0000,0
ds-04-339mb-844files,java-spark,p16,0,67,1:07.07,536676,4.00,3.67,1720699,0.0000,0.0000,0
ds-04-339mb-844files,java-spark,p24,0,65,1:04.08,555028,5.00,3.74,1720699,0.0000,0.0000,0
ds-04-339mb-844files,java-spark,p32,0,63,1:03.34,540500,5.00,3.76,1720699,0.0000,0.0000,0
ds-04-339mb-844files,java-spark,p40,0,63,1:03.14,513300,4.00,3.50,1720699,0.0000,0.0000,0
ds-04-339mb-844files,sequential-python,local,0,58,0:58.06,777728,0.00,2.81,1720699,0,0,0
ds-03-298mb-642files,hadoop-base,r1,0,122,2:02.51,370448,4.00,3.72,1518196,0.0000,0.0000,0
ds-03-298mb-642files,hadoop-base,r2,0,121,2:00.46,336604,4.00,3.73,1518196,0.0000,0.0000,0
ds-03-298mb-642files,hadoop-base,r4,0,119,1:58.85,331832,4.00,3.84,1518196,0.0000,0.0000,0
ds-03-298mb-642files,hadoop-base,r8,0,138,2:17.61,338164,5.00,4.30,1518196,0.0000,0.0000,0
ds-03-298mb-642files,hadoop-base,r16,0,130,2:09.95,332072,4.00,3.81,1518196,0.0000,0.0000,0
ds-03-298mb-642files,hadoop-base,r24,0,141,2:21.36,327060,4.00,3.84,1518196,0.0000,0.0000,0
ds-03-298mb-642files,hadoop-inmapper,r1,0,77,1:16.32,357800,5.00,4.18,1518196,0.0000,0.0000,0
ds-03-298mb-642files,hadoop-inmapper,r2,0,71,1:11.10,338332,4.00,3.83,1518196,0.0000,0.0000,0
ds-03-298mb-642files,hadoop-inmapper,r4,0,70,1:10.25,359008,4.00,3.80,1518196,0.0000,0.0000,0
ds-03-298mb-642files,hadoop-inmapper,r8,0,78,1:17.23,352328,4.00,3.79,1518196,0.0000,0.0000,0
ds-03-298mb-642files,hadoop-inmapper,r16,0,85,1:24.68,355860,4.00,3.81,1518196,0.0000,0.0000,0
ds-03-298mb-642files,hadoop-inmapper,r24,0,98,1:37.62,338772,4.00,3.89,1518196,0.0000,0.0000,0
ds-03-298mb-642files,pyspark-fastest,p4,0,68,1:07.12,580172,5.00,3.81,1518196,0.0000,0.0000,0
ds-03-298mb-642files,pyspark-fastest,p8,0,69,1:08.57,647384,5.00,3.75,1518196,0.0000,0.0000,0
ds-03-298mb-642files,pyspark-fastest,p16,0,62,1:01.97,584624,5.00,3.56,1518196,0.0000,0.0000,0
ds-03-298mb-642files,pyspark-fastest,p24,0,61,1:01.05,533992,5.00,3.59,1518196,0.0000,0.0000,0
ds-03-298mb-642files,pyspark-fastest,p32,0,62,1:01.98,610852,5.00,3.60,1518196,0.0000,0.0000,0
ds-03-298mb-642files,pyspark-fastest,p40,0,68,1:07.77,587352,5.00,3.75,1518196,0.0000,0.0000,0
ds-03-298mb-642files,java-spark,p4,0,85,1:24.40,552780,5.00,3.84,1518196,0.0000,0.0000,0
ds-03-298mb-642files,java-spark,p8,0,73,1:12.44,560016,5.00,4.12,1518196,0.0000,0.0000,0
ds-03-298mb-642files,java-spark,p16,0,65,1:05.47,539024,5.00,4.00,1518196,0.0000,0.0000,0
ds-03-298mb-642files,java-spark,p24,0,64,1:04.20,523788,4.00,3.84,1518196,0.0000,0.0000,0
ds-03-298mb-642files,java-spark,p32,0,61,1:00.43,532836,4.00,3.46,1518196,0.0000,0.0000,0
ds-03-298mb-642files,java-spark,p40,0,66,1:05.09,546568,4.00,3.77,1518196,0.0000,0.0000,0
ds-03-298mb-642files,sequential-python,local,0,52,0:52.67,731612,0.00,2.74,1518196,0,0,0
ds-02-261mb-2582files,hadoop-base,r1,0,146,2:25.71,370952,4.00,3.63,1063016,0.0000,0.0000,0
ds-02-261mb-2582files,hadoop-base,r2,0,127,2:06.44,334636,4.00,3.89,1063016,0.0000,0.0000,0
ds-02-261mb-2582files,hadoop-base,r4,0,133,2:12.46,322260,5.00,4.06,1063016,0.0000,0.0000,0
ds-02-261mb-2582files,hadoop-base,r8,0,127,2:07.29,334756,4.00,3.70,1063016,0.0000,0.0000,0
ds-02-261mb-2582files,hadoop-base,r16,0,135,2:14.55,361352,4.00,3.80,1063016,0.0000,0.0000,0
ds-02-261mb-2582files,hadoop-base,r24,0,144,2:24.54,308576,4.00,3.85,1063016,0.0000,0.0000,0
ds-02-261mb-2582files,hadoop-inmapper,r1,0,83,1:23.19,355392,4.00,3.60,1063016,0.0000,0.0000,0
ds-02-261mb-2582files,hadoop-inmapper,r2,0,78,1:17.85,336820,4.00,3.76,1063016,0.0000,0.0000,0
ds-02-261mb-2582files,hadoop-inmapper,r4,0,79,1:19.21,347520,4.00,3.87,1063016,0.0000,0.0000,0
ds-02-261mb-2582files,hadoop-inmapper,r8,0,82,1:22.15,317968,4.00,3.74,1063016,0.0000,0.0000,0
ds-02-261mb-2582files,hadoop-inmapper,r16,0,93,1:33.17,284392,5.00,3.96,1063016,0.0000,0.0000,0
ds-02-261mb-2582files,hadoop-inmapper,r24,0,102,1:42.47,351948,5.00,4.01,1063016,0.0000,0.0000,0
ds-02-261mb-2582files,pyspark-fastest,p4,0,75,1:14.78,610296,5.00,3.62,1063016,0.0000,0.0000,0
ds-02-261mb-2582files,pyspark-fastest,p8,0,67,1:07.05,593928,4.00,3.27,1063016,0.0000,0.0000,0
ds-02-261mb-2582files,pyspark-fastest,p16,0,68,1:07.62,600800,4.00,3.24,1063016,0.0000,0.0000,0
ds-02-261mb-2582files,pyspark-fastest,p24,0,62,1:02.24,588988,4.00,3.25,1063016,0.0000,0.0000,0
ds-02-261mb-2582files,pyspark-fastest,p32,0,64,1:04.37,609416,4.00,3.21,1063016,0.0000,0.0000,0
ds-02-261mb-2582files,pyspark-fastest,p40,0,63,1:02.97,634700,4.00,3.30,1063016,0.0000,0.0000,0
ds-02-261mb-2582files,java-spark,p4,0,75,1:14.60,521848,4.00,4.06,1063016,0.0000,0.0000,0
ds-02-261mb-2582files,java-spark,p8,0,74,1:14.47,511684,4.00,3.59,1063016,0.0000,0.0000,0
ds-02-261mb-2582files,java-spark,p16,0,66,1:05.98,492444,4.00,3.41,1063016,0.0000,0.0000,0
ds-02-261mb-2582files,java-spark,p24,0,62,1:02.47,570636,5.00,3.53,1063016,0.0000,0.0000,0
ds-02-261mb-2582files,java-spark,p32,0,65,1:05.13,480912,5.00,4.01,1063016,0.0000,0.0000,0
ds-02-261mb-2582files,java-spark,p40,0,66,1:06.54,506720,4.00,3.38,1063016,0.0000,0.0000,0
ds-02-261mb-2582files,sequential-python,local,0,48,0:47.94,591960,0.00,2.57,1063016,0,0,0
ds-05-500mb-807files,hadoop-base,r1,0,123,2:03.65,312780,3.00,3.44,2921089,0.0000,0.0000,0
ds-05-500mb-807files,hadoop-base,r2,0,98,1:38.32,326768,2.00,3.15,2921089,0.0000,0.0000,0
ds-05-500mb-807files,hadoop-base,r4,0,103,1:42.43,327136,4.00,3.07,2921089,0.0000,0.0000,0
ds-05-500mb-807files,hadoop-base,r8,0,106,1:46.03,360680,4.00,3.09,2921089,0.0000,0.0000,0
ds-05-500mb-807files,hadoop-base,r16,0,108,1:47.85,282536,4.00,3.04,2921089,0.0000,0.0000,0
ds-05-500mb-807files,hadoop-base,r24,0,132,2:11.39,353192,5.00,3.45,2921089,0.0000,0.0000,0
ds-05-500mb-807files,hadoop-inmapper,r1,0,75,1:15.13,311024,4.00,3.64,2921089,0.0000,0.0000,0
ds-05-500mb-807files,hadoop-inmapper,r2,0,67,1:07.21,334016,3.00,3.40,2921089,0.0000,0.0000,0
ds-05-500mb-807files,hadoop-inmapper,r4,0,66,1:05.82,315376,4.00,3.71,2921089,0.0000,0.0000,0
ds-05-500mb-807files,hadoop-inmapper,r8,0,69,1:08.81,352544,4.00,3.00,2921089,0.0000,0.0000,0
ds-05-500mb-807files,hadoop-inmapper,r16,0,84,1:24.45,334784,4.00,3.81,2921089,0.0000,0.0000,0
ds-05-500mb-807files,hadoop-inmapper,r24,0,87,1:27.39,364608,5.00,3.40,2921089,0.0000,0.0000,0
ds-05-500mb-807files,pyspark-fastest,p4,0,83,1:23.37,579392,5.00,3.62,2921089,0.0000,0.0000,0
ds-05-500mb-807files,pyspark-fastest,p8,0,73,1:12.39,567928,5.00,3.77,2921089,0.0000,0.0000,0
ds-05-500mb-807files,pyspark-fastest,p16,0,70,1:09.81,538024,4.00,3.38,2921089,0.0000,0.0000,0
ds-05-500mb-807files,pyspark-fastest,p24,0,72,1:11.62,587904,4.00,3.59,2921089,0.0000,0.0000,0
ds-05-500mb-807files,pyspark-fastest,p32,0,75,1:14.73,567060,4.00,3.49,2921089,0.0000,0.0000,0
ds-05-500mb-807files,pyspark-fastest,p40,0,76,1:16.19,599720,4.00,3.51,2921089,0.0000,0.0000,0
ds-05-500mb-807files,java-spark,p4,0,80,1:19.22,503100,4.00,4.63,2921089,0.0000,0.0000,0
ds-05-500mb-807files,java-spark,p8,0,99,1:39.40,562960,4.00,4.25,2921089,0.0000,0.0000,0
ds-05-500mb-807files,java-spark,p16,0,74,1:13.72,536300,4.00,3.97,2921089,0.0000,0.0000,0
ds-05-500mb-807files,java-spark,p24,0,74,1:14.40,518532,4.00,3.99,2921089,0.0000,0.0000,0
ds-05-500mb-807files,java-spark,p32,0,80,1:19.24,564324,4.00,3.67,2921089,0.0000,0.0000,0
ds-05-500mb-807files,java-spark,p40,0,72,1:12.40,574996,4.00,3.95,2921089,0.0000,0.0000,0
ds-05-500mb-807files,sequential-python,local,0,84,1:23.51,1267468,0.00,3.19,2921089,0,0,0
ds-06-752mb-266files-gutenberg-remaining,hadoop-base,r1,0,126,2:05.31,315052,4.00,3.95,3405909,0.0000,0.0000,0
ds-06-752mb-266files-gutenberg-remaining,hadoop-base,r2,0,122,2:02.11,340944,5.00,4.50,3405909,0.0000,0.0000,0
ds-06-752mb-266files-gutenberg-remaining,hadoop-base,r4,0,113,1:53.04,340676,4.00,3.85,3405909,0.0000,0.0000,0
ds-06-752mb-266files-gutenberg-remaining,hadoop-base,r8,0,116,1:56.30,337568,4.00,3.87,3405909,0.0000,0.0000,0
ds-06-752mb-266files-gutenberg-remaining,hadoop-base,r16,0,126,2:05.44,365368,5.00,4.42,3405909,0.0000,0.0000,0
ds-06-752mb-266files-gutenberg-remaining,hadoop-base,r24,0,136,2:16.49,340200,4.00,3.88,3405909,0.0000,0.0000,0
ds-06-752mb-266files-gutenberg-remaining,hadoop-inmapper,r1,0,92,1:32.05,368840,4.00,4.15,3405909,0.0000,0.0000,0
ds-06-752mb-266files-gutenberg-remaining,hadoop-inmapper,r2,0,98,1:37.13,366832,4.00,3.80,3405909,0.0000,0.0000,0
ds-06-752mb-266files-gutenberg-remaining,hadoop-inmapper,r4,0,83,1:22.05,320100,4.00,3.79,3405909,0.0000,0.0000,0
ds-06-752mb-266files-gutenberg-remaining,hadoop-inmapper,r8,0,103,1:43.30,335376,5.00,4.49,3405909,0.0000,0.0000,0
ds-06-752mb-266files-gutenberg-remaining,hadoop-inmapper,r16,0,95,1:35.07,330280,4.00,4.10,3405909,0.0000,0.0000,0
ds-06-752mb-266files-gutenberg-remaining,hadoop-inmapper,r24,0,128,2:07.91,355764,5.00,4.12,3405909,0.0000,0.0000,0
ds-06-752mb-266files-gutenberg-remaining,pyspark-fastest,p4,0,103,1:42.75,567296,4.00,4.24,3405909,0.0000,0.0000,0
ds-06-752mb-266files-gutenberg-remaining,pyspark-fastest,p8,0,106,1:46.29,565500,4.00,3.68,3405909,0.0000,0.0000,0
ds-06-752mb-266files-gutenberg-remaining,pyspark-fastest,p16,0,101,1:40.71,641680,4.00,3.75,3405909,0.0000,0.0000,0
ds-06-752mb-266files-gutenberg-remaining,pyspark-fastest,p24,0,112,1:51.91,566216,4.00,3.78,3405909,0.0000,0.0000,0
ds-06-752mb-266files-gutenberg-remaining,pyspark-fastest,p32,0,100,1:39.94,547588,4.00,3.64,3405909,0.0000,0.0000,0
ds-06-752mb-266files-gutenberg-remaining,pyspark-fastest,p40,0,111,1:51.35,547572,5.00,3.71,3405909,0.0000,0.0000,0
ds-06-752mb-266files-gutenberg-remaining,java-spark,p4,0,94,1:34.28,526644,5.00,4.10,3405909,0.0000,0.0000,0
ds-06-752mb-266files-gutenberg-remaining,java-spark,p8,0,102,1:42.20,490404,4.00,4.28,3405909,0.0000,0.0000,0
ds-06-752mb-266files-gutenberg-remaining,java-spark,p16,0,96,1:35.96,552912,4.00,3.80,3405909,0.0000,0.0000,0
ds-06-752mb-266files-gutenberg-remaining,java-spark,p24,0,95,1:34.91,537576,4.00,4.17,3405909,0.0000,0.0000,0
ds-06-752mb-266files-gutenberg-remaining,java-spark,p32,0,107,1:46.09,547472,5.00,4.36,3405909,0.0000,0.0000,0
ds-06-752mb-266files-gutenberg-remaining,java-spark,p40,0,103,1:42.92,500340,4.00,3.82,3405909,0.0000,0.0000,0
ds-06-752mb-266files-gutenberg-remaining,sequential-python,local,0,108,1:47.61,1974940,0.00,3.64,3405909,0,0,0
combo-02-ds06-11-848mb-382f,hadoop-base,r1,0,125,2:05.26,285748,4.00,4.07,3939376,0.0000,0.0000,0
combo-02-ds06-11-848mb-382f,hadoop-base,r2,0,124,2:04.30,335380,4.00,3.86,3939376,0.0000,0.0000,0
combo-02-ds06-11-848mb-382f,hadoop-base,r4,0,115,1:55.54,279688,4.00,3.98,3939376,0.0000,0.0000,0
combo-02-ds06-11-848mb-382f,hadoop-base,r8,0,141,2:21.35,343548,4.00,3.88,3939376,0.0000,0.0000,0
combo-02-ds06-11-848mb-382f,hadoop-base,r16,0,134,2:13.23,363404,5.00,4.53,3939376,0.0000,0.0000,0
combo-02-ds06-11-848mb-382f,hadoop-base,r24,0,142,2:22.49,358308,5.00,4.32,3939376,0.0000,0.0000,0
combo-02-ds06-11-848mb-382f,hadoop-inmapper,r1,0,94,1:33.97,337412,4.00,4.05,3939376,0.0000,0.0000,0
combo-02-ds06-11-848mb-382f,hadoop-inmapper,r2,0,86,1:25.97,291564,4.00,3.71,3939376,0.0000,0.0000,0
combo-02-ds06-11-848mb-382f,hadoop-inmapper,r4,0,85,1:24.96,318424,4.00,3.81,3939376,0.0000,0.0000,0
combo-02-ds06-11-848mb-382f,hadoop-inmapper,r8,0,89,1:29.41,343392,4.00,3.74,3939376,0.0000,0.0000,0
combo-02-ds06-11-848mb-382f,hadoop-inmapper,r16,0,116,1:55.07,362428,5.00,4.34,3939376,0.0000,0.0000,0
combo-02-ds06-11-848mb-382f,hadoop-inmapper,r24,0,123,2:03.24,325884,5.00,4.23,3939376,0.0000,0.0000,0
combo-02-ds06-11-848mb-382f,pyspark-fastest,p4,0,125,2:05.12,587812,5.00,4.16,3939376,0.0000,0.0000,0
combo-02-ds06-11-848mb-382f,pyspark-fastest,p8,0,90,1:30.45,535528,4.00,3.70,3939376,0.0000,0.0000,0
combo-02-ds06-11-848mb-382f,pyspark-fastest,p16,0,100,1:40.39,597076,5.00,4.31,3939376,0.0000,0.0000,0
combo-02-ds06-11-848mb-382f,pyspark-fastest,p24,0,105,1:44.13,591836,4.00,3.94,3939376,0.0000,0.0000,0
combo-02-ds06-11-848mb-382f,pyspark-fastest,p32,0,104,1:43.94,581156,4.00,3.56,3939376,0.0000,0.0000,0
combo-02-ds06-11-848mb-382f,pyspark-fastest,p40,0,105,1:45.04,598904,5.00,4.06,3939376,0.0000,0.0000,0
combo-02-ds06-11-848mb-382f,java-spark,p4,0,96,1:35.93,545148,5.00,4.63,3939376,0.0000,0.0000,0
combo-02-ds06-11-848mb-382f,java-spark,p8,0,112,1:52.38,450372,4.00,4.44,3939376,0.0000,0.0000,0
combo-02-ds06-11-848mb-382f,java-spark,p16,0,97,1:36.51,521796,5.00,4.46,3939376,0.0000,0.0000,0
combo-02-ds06-11-848mb-382f,java-spark,p24,0,101,1:40.37,545568,4.00,4.04,3939376,0.0000,0.0000,0
combo-02-ds06-11-848mb-382f,java-spark,p32,0,100,1:39.64,517516,4.00,4.02,3939376,0.0000,0.0000,0
combo-02-ds06-11-848mb-382f,java-spark,p40,0,99,1:39.31,549540,4.00,3.99,3939376,0.0000,0.0000,0
combo-02-ds06-11-848mb-382f,sequential-python,local,0,126,2:06.13,2159492,0.00,3.78,3939376,0,0,0
ds-12-1p1gb-2495files-gutenberg,hadoop-base,r1,0,190,3:09.96,309532,4.00,3.74,1290178,0.0000,0.0000,0
ds-12-1p1gb-2495files-gutenberg,hadoop-base,r2,0,161,2:41.13,337004,4.00,3.88,1290178,0.0000,0.0000,0
ds-12-1p1gb-2495files-gutenberg,hadoop-base,r4,0,157,2:37.02,330952,4.00,3.79,1290178,0.0000,0.0000,0
ds-12-1p1gb-2495files-gutenberg,hadoop-base,r8,0,154,2:33.74,367836,4.00,3.83,1290178,0.0000,0.0000,0
ds-12-1p1gb-2495files-gutenberg,hadoop-base,r16,0,164,2:44.11,285964,4.00,3.75,1290178,0.0000,0.0000,0
ds-12-1p1gb-2495files-gutenberg,hadoop-base,r24,0,171,2:51.20,291084,4.00,3.76,1290178,0.0000,0.0000,0
ds-12-1p1gb-2495files-gutenberg,hadoop-inmapper,r1,0,103,1:43.31,315636,4.00,3.71,1290178,0.0000,0.0000,0
ds-12-1p1gb-2495files-gutenberg,hadoop-inmapper,r2,0,100,1:40.37,370504,5.00,4.13,1290178,0.0000,0.0000,0
ds-12-1p1gb-2495files-gutenberg,hadoop-inmapper,r4,0,97,1:36.91,358500,4.00,3.76,1290178,0.0000,0.0000,0
ds-12-1p1gb-2495files-gutenberg,hadoop-inmapper,r8,0,97,1:37.18,347632,4.00,3.74,1290178,0.0000,0.0000,0
ds-12-1p1gb-2495files-gutenberg,hadoop-inmapper,r16,0,102,1:42.23,310108,4.00,3.70,1290178,0.0000,0.0000,0
ds-12-1p1gb-2495files-gutenberg,hadoop-inmapper,r24,0,119,1:58.67,319060,4.00,3.63,1290178,0.0000,0.0000,0
ds-12-1p1gb-2495files-gutenberg,pyspark-fastest,p4,0,118,1:57.45,583820,4.00,3.53,1290178,0.0000,0.0000,0
ds-12-1p1gb-2495files-gutenberg,pyspark-fastest,p8,0,102,1:42.08,599640,4.00,3.62,1290178,0.0000,0.0000,0
ds-12-1p1gb-2495files-gutenberg,pyspark-fastest,p16,0,98,1:37.93,546004,5.00,3.79,1290178,0.0000,0.0000,0
ds-12-1p1gb-2495files-gutenberg,pyspark-fastest,p24,0,97,1:37.17,602312,4.00,3.59,1290178,0.0000,0.0000,0
ds-12-1p1gb-2495files-gutenberg,pyspark-fastest,p32,0,98,1:38.84,606652,4.00,3.89,1290178,0.0000,0.0000,0
ds-12-1p1gb-2495files-gutenberg,pyspark-fastest,p40,0,108,1:47.22,612840,4.00,3.73,1290178,0.0000,0.0000,0
ds-12-1p1gb-2495files-gutenberg,java-spark,p4,0,110,1:50.86,545416,5.00,4.60,1290178,0.0000,0.0000,0
ds-12-1p1gb-2495files-gutenberg,java-spark,p8,0,93,1:32.98,570724,5.00,4.56,1290178,0.0000,0.0000,0
ds-12-1p1gb-2495files-gutenberg,java-spark,p16,0,81,1:21.13,512032,5.00,4.32,1290178,0.0000,0.0000,0
ds-12-1p1gb-2495files-gutenberg,java-spark,p24,0,86,1:25.88,544804,5.00,4.26,1290178,0.0000,0.0000,0
ds-12-1p1gb-2495files-gutenberg,java-spark,p32,0,86,1:26.13,552352,4.00,4.08,1290178,0.0000,0.0000,0
ds-12-1p1gb-2495files-gutenberg,java-spark,p40,0,82,1:21.68,546548,5.00,4.16,1290178,0.0000,0.0000,0
ds-12-1p1gb-2495files-gutenberg,sequential-python,local,0,167,2:47.30,1330596,0.00,3.25,1290178,0,0,0
ds-07-800mb-2493files,hadoop-base,r1,0,139,2:18.92,324188,4.00,3.95,4831112,0.0000,0.0000,0
ds-07-800mb-2493files,hadoop-base,r2,0,128,2:08.16,325368,5.00,4.32,4831112,0.0000,0.0000,0
ds-07-800mb-2493files,hadoop-base,r4,0,119,1:59.42,287840,4.00,3.90,4831112,0.0000,0.0000,0
ds-07-800mb-2493files,hadoop-base,r8,0,123,2:03.45,359468,4.00,3.92,4831112,0.0000,0.0000,0
ds-07-800mb-2493files,hadoop-base,r16,0,133,2:13.75,319716,4.00,3.95,4831112,0.0000,0.0000,0
ds-07-800mb-2493files,hadoop-base,r24,0,142,2:21.75,356668,5.00,4.40,4831112,0.0000,0.0000,0
ds-07-800mb-2493files,hadoop-inmapper,r1,0,87,1:27.13,347348,4.00,3.94,4831112,0.0000,0.0000,0
ds-07-800mb-2493files,hadoop-inmapper,r2,0,81,1:20.59,326052,4.00,3.90,4831112,0.0000,0.0000,0
ds-07-800mb-2493files,hadoop-inmapper,r4,0,75,1:15.19,332888,4.00,3.92,4831112,0.0000,0.0000,0
ds-07-800mb-2493files,hadoop-inmapper,r8,0,82,1:22.26,361672,5.00,4.32,4831112,0.0000,0.0000,0
ds-07-800mb-2493files,hadoop-inmapper,r16,0,90,1:30.87,370904,5.00,4.29,4831112,0.0000,0.0000,0
ds-07-800mb-2493files,hadoop-inmapper,r24,0,102,1:41.38,357304,4.00,3.95,4831112,0.0000,0.0000,0
ds-07-800mb-2493files,pyspark-fastest,p4,0,151,2:30.52,556976,4.00,3.64,4831112,0.0000,0.0000,0
ds-07-800mb-2493files,pyspark-fastest,p8,0,104,1:44.45,588944,5.00,4.13,4831112,0.0000,0.0000,0
ds-07-800mb-2493files,pyspark-fastest,p16,0,100,1:40.55,603196,4.00,3.74,4831112,0.0000,0.0000,0
ds-07-800mb-2493files,pyspark-fastest,p24,0,90,1:29.75,585896,5.00,4.07,4831112,0.0000,0.0000,0
ds-07-800mb-2493files,pyspark-fastest,p32,0,93,1:33.16,567184,4.00,3.62,4831112,0.0000,0.0000,0
ds-07-800mb-2493files,pyspark-fastest,p40,0,86,1:26.49,598080,4.00,3.74,4831112,0.0000,0.0000,0
ds-07-800mb-2493files,java-spark,p4,0,113,1:52.85,523552,4.00,4.84,4831112,0.0000,0.0000,0
ds-07-800mb-2493files,java-spark,p8,0,115,1:54.55,608960,5.00,4.79,4831112,0.0000,0.0000,0
ds-07-800mb-2493files,java-spark,p16,0,104,1:44.81,582644,5.00,4.55,4831112,0.0000,0.0000,0
ds-07-800mb-2493files,java-spark,p24,0,92,1:31.23,594696,5.00,4.55,4831112,0.0000,0.0000,0
ds-07-800mb-2493files,java-spark,p32,0,88,1:28.33,552960,4.00,4.16,4831112,0.0000,0.0000,0
ds-07-800mb-2493files,java-spark,p40,0,86,1:26.10,527336,4.00,4.05,4831112,0.0000,0.0000,0
ds-07-800mb-2493files,sequential-python,local,0,144,2:24.48,2037812,0.00,3.87,4831112,0,0,0
ds-08-1p1gb-6680files,hadoop-base,r1,0,238,3:57.65,379176,5.00,4.23,833954,0.0000,0.0000,0
ds-08-1p1gb-6680files,hadoop-base,r2,0,186,3:05.85,373048,5.00,4.15,833954,0.0000,0.0000,0
ds-08-1p1gb-6680files,hadoop-base,r4,0,167,2:47.16,379296,4.00,3.87,833954,0.0000,0.0000,0
ds-08-1p1gb-6680files,hadoop-base,r8,0,168,2:48.30,406168,4.00,3.72,833954,0.0000,0.0000,0
ds-08-1p1gb-6680files,hadoop-base,r16,0,177,2:56.37,398712,4.00,3.68,833954,0.0000,0.0000,0
ds-08-1p1gb-6680files,hadoop-base,r24,0,184,3:03.09,375596,4.00,3.89,833954,0.0000,0.0000,0
ds-08-1p1gb-6680files,hadoop-inmapper,r1,0,119,1:58.79,408448,4.00,3.43,833954,0.0000,0.0000,0
ds-08-1p1gb-6680files,hadoop-inmapper,r2,0,122,2:01.90,322460,4.00,3.69,833954,0.0000,0.0000,0
ds-08-1p1gb-6680files,hadoop-inmapper,r4,0,111,1:50.77,379036,4.00,3.87,833954,0.0000,0.0000,0
ds-08-1p1gb-6680files,hadoop-inmapper,r8,0,105,1:45.56,345832,4.00,3.70,833954,0.0000,0.0000,0
ds-08-1p1gb-6680files,hadoop-inmapper,r16,0,122,2:01.75,368012,5.00,4.12,833954,0.0000,0.0000,0
ds-08-1p1gb-6680files,hadoop-inmapper,r24,0,129,2:08.46,400188,4.00,3.80,833954,0.0000,0.0000,0
ds-08-1p1gb-6680files,pyspark-fastest,p4,0,146,2:26.58,717132,4.00,3.92,833954,0.0000,0.0000,0
ds-08-1p1gb-6680files,pyspark-fastest,p8,0,106,1:45.98,696296,4.00,3.55,833954,0.0000,0.0000,0
ds-08-1p1gb-6680files,pyspark-fastest,p16,0,95,1:34.22,645200,4.00,3.62,833954,0.0000,0.0000,0
ds-08-1p1gb-6680files,pyspark-fastest,p24,0,98,1:37.96,605512,4.00,3.59,833954,0.0000,0.0000,0
ds-08-1p1gb-6680files,pyspark-fastest,p32,0,102,1:42.70,691088,5.00,3.78,833954,0.0000,0.0000,0
ds-08-1p1gb-6680files,pyspark-fastest,p40,0,104,1:43.28,711512,4.00,3.55,833954,0.0000,0.0000,0
ds-08-1p1gb-6680files,java-spark,p4,0,118,1:57.45,588996,4.00,4.88,833954,0.0000,0.0000,0
ds-08-1p1gb-6680files,java-spark,p8,0,137,2:16.99,620148,4.00,4.56,833954,0.0000,0.0000,0
ds-08-1p1gb-6680files,java-spark,p16,0,101,1:40.35,600936,4.00,4.08,833954,0.0000,0.0000,0
ds-08-1p1gb-6680files,java-spark,p24,0,95,1:34.86,575916,4.00,4.17,833954,0.0000,0.0000,0
ds-08-1p1gb-6680files,java-spark,p32,0,86,1:26.50,638852,4.00,3.94,833954,0.0000,0.0000,0
ds-08-1p1gb-6680files,java-spark,p40,0,96,1:35.76,624024,4.00,4.17,833954,0.0000,0.0000,0
ds-08-1p1gb-6680files,sequential-python,local,0,172,2:52.58,955676,0.00,2.94,833954,0,0,0
combo-01-ds02-03-559mb-3224f,hadoop-base,r1,0,153,2:32.87,325600,4.00,3.75,2275336,0.0000,0.0000,0
combo-01-ds02-03-559mb-3224f,hadoop-base,r2,0,134,2:13.64,357256,5.00,4.17,2275336,0.0000,0.0000,0
combo-01-ds02-03-559mb-3224f,hadoop-base,r4,0,128,2:08.48,349036,4.00,3.67,2275336,0.0000,0.0000,0
combo-01-ds02-03-559mb-3224f,hadoop-base,r8,0,134,2:13.65,353952,4.00,3.67,2275336,0.0000,0.0000,0
combo-01-ds02-03-559mb-3224f,hadoop-base,r16,0,138,2:17.73,360860,5.00,4.07,2275336,0.0000,0.0000,0
combo-01-ds02-03-559mb-3224f,hadoop-base,r24,0,149,2:28.63,358220,4.00,3.80,2275336,0.0000,0.0000,0
combo-01-ds02-03-559mb-3224f,hadoop-inmapper,r1,0,98,1:37.23,293624,5.00,4.21,2275336,0.0000,0.0000,0
combo-01-ds02-03-559mb-3224f,hadoop-inmapper,r2,0,86,1:26.18,356428,5.00,4.16,2275336,0.0000,0.0000,0
combo-01-ds02-03-559mb-3224f,hadoop-inmapper,r4,0,82,1:22.30,333404,5.00,4.04,2275336,0.0000,0.0000,0
combo-01-ds02-03-559mb-3224f,hadoop-inmapper,r8,0,88,1:28.50,359744,4.00,3.69,2275336,0.0000,0.0000,0
combo-01-ds02-03-559mb-3224f,hadoop-inmapper,r16,0,94,1:34.43,331376,4.00,3.74,2275336,0.0000,0.0000,0
combo-01-ds02-03-559mb-3224f,hadoop-inmapper,r24,0,106,1:45.60,328676,4.00,3.85,2275336,0.0000,0.0000,0
combo-01-ds02-03-559mb-3224f,pyspark-fastest,p4,0,115,1:54.88,667596,4.00,3.57,2275336,0.0000,0.0000,0
combo-01-ds02-03-559mb-3224f,pyspark-fastest,p8,0,90,1:30.11,566576,4.00,3.50,2275336,0.0000,0.0000,0
combo-01-ds02-03-559mb-3224f,pyspark-fastest,p16,0,82,1:21.89,608268,4.00,3.51,2275336,0.0000,0.0000,0
combo-01-ds02-03-559mb-3224f,pyspark-fastest,p24,0,89,1:29.02,623880,4.00,3.64,2275336,0.0000,0.0000,0
combo-01-ds02-03-559mb-3224f,pyspark-fastest,p32,0,84,1:24.06,644524,4.00,3.47,2275336,0.0000,0.0000,0
combo-01-ds02-03-559mb-3224f,pyspark-fastest,p40,0,81,1:20.98,557276,4.00,3.63,2275336,0.0000,0.0000,0
combo-01-ds02-03-559mb-3224f,java-spark,p4,0,104,1:44.26,510804,5.00,4.86,2275336,0.0000,0.0000,0
combo-01-ds02-03-559mb-3224f,java-spark,p8,0,98,1:37.49,573368,4.00,4.42,2275336,0.0000,0.0000,0
combo-01-ds02-03-559mb-3224f,java-spark,p16,0,83,1:22.99,550252,4.00,4.20,2275336,0.0000,0.0000,0
combo-01-ds02-03-559mb-3224f,java-spark,p24,0,85,1:25.19,562436,4.00,4.16,2275336,0.0000,0.0000,0
combo-01-ds02-03-559mb-3224f,java-spark,p32,0,78,1:17.84,559516,4.00,4.08,2275336,0.0000,0.0000,0
combo-01-ds02-03-559mb-3224f,java-spark,p40,0,84,1:23.51,516768,4.00,4.00,2275336,0.0000,0.0000,0
combo-01-ds02-03-559mb-3224f,sequential-python,local,0,100,1:40.55,1183352,0.00,3.11,2275336,0,0,0
ds-09-1p15gb-18680files-copy07-plus-12k-kaggle,hadoop-base,r1,0,331,5:31.32,639092,5.00,4.49,874897,0.0000,0.0000,0
ds-09-1p15gb-18680files-copy07-plus-12k-kaggle,hadoop-base,r2,0,251,4:11.17,578412,4.00,4.05,874897,0.0000,0.0000,0
ds-09-1p15gb-18680files-copy07-plus-12k-kaggle,hadoop-base,r4,0,219,3:38.92,609100,4.00,3.89,874897,0.0000,0.0000,0
ds-09-1p15gb-18680files-copy07-plus-12k-kaggle,hadoop-base,r8,0,208,3:27.66,454532,4.00,3.84,874897,0.0000,0.0000,0
ds-09-1p15gb-18680files-copy07-plus-12k-kaggle,hadoop-base,r16,0,212,3:32.45,557276,4.00,3.96,874897,0.0000,0.0000,0
ds-09-1p15gb-18680files-copy07-plus-12k-kaggle,hadoop-base,r24,0,237,3:57.58,577104,4.00,3.85,874897,0.0000,0.0000,0
ds-09-1p15gb-18680files-copy07-plus-12k-kaggle,hadoop-inmapper,r1,0,167,2:47.45,616048,4.00,4.10,874897,0.0000,0.0000,0
ds-09-1p15gb-18680files-copy07-plus-12k-kaggle,hadoop-inmapper,r2,0,167,2:47.40,442500,4.00,3.92,874897,0.0000,0.0000,0
ds-09-1p15gb-18680files-copy07-plus-12k-kaggle,hadoop-inmapper,r4,0,156,2:36.47,533492,9.00,6.12,874897,0.0000,0.0000,0
ds-09-1p15gb-18680files-copy07-plus-12k-kaggle,hadoop-inmapper,r8,0,152,2:31.43,628720,4.00,3.81,874897,0.0000,0.0000,0
ds-09-1p15gb-18680files-copy07-plus-12k-kaggle,hadoop-inmapper,r16,0,157,2:36.99,558624,5.00,4.30,874897,0.0000,0.0000,0
ds-09-1p15gb-18680files-copy07-plus-12k-kaggle,hadoop-inmapper,r24,0,193,3:13.78,454528,4.00,3.73,874897,0.0000,0.0000,0
ds-09-1p15gb-18680files-copy07-plus-12k-kaggle,pyspark-fastest,p4,0,174,2:53.72,909104,5.00,4.31,874897,0.0000,0.0000,0
ds-09-1p15gb-18680files-copy07-plus-12k-kaggle,pyspark-fastest,p8,0,141,2:21.59,890660,5.00,4.38,874897,0.0000,0.0000,0
ds-09-1p15gb-18680files-copy07-plus-12k-kaggle,pyspark-fastest,p16,0,129,2:09.34,850332,4.00,3.98,874897,0.0000,0.0000,0
ds-09-1p15gb-18680files-copy07-plus-12k-kaggle,pyspark-fastest,p24,0,107,1:47.90,843968,5.00,3.93,874897,0.0000,0.0000,0
ds-09-1p15gb-18680files-copy07-plus-12k-kaggle,pyspark-fastest,p32,0,117,1:56.66,900624,5.00,4.04,874897,0.0000,0.0000,0
ds-09-1p15gb-18680files-copy07-plus-12k-kaggle,pyspark-fastest,p40,0,121,2:01.09,876028,4.00,3.72,874897,0.0000,0.0000,0
ds-09-1p15gb-18680files-copy07-plus-12k-kaggle,java-spark,p4,0,148,2:27.46,750644,5.00,5.32,874897,0.0000,0.0000,0
ds-09-1p15gb-18680files-copy07-plus-12k-kaggle,java-spark,p8,0,173,2:52.65,765392,4.00,4.58,874897,0.0000,0.0000,0
ds-09-1p15gb-18680files-copy07-plus-12k-kaggle,java-spark,p16,0,129,2:08.23,781604,4.00,4.50,874897,0.0000,0.0000,0
ds-09-1p15gb-18680files-copy07-plus-12k-kaggle,java-spark,p24,0,107,1:46.98,815672,4.00,4.52,874897,0.0000,0.0000,0
ds-09-1p15gb-18680files-copy07-plus-12k-kaggle,java-spark,p32,0,105,1:45.65,751952,5.00,4.76,874897,0.0000,0.0000,0
ds-09-1p15gb-18680files-copy07-plus-12k-kaggle,java-spark,p40,0,105,1:45.25,850216,5.00,4.70,874897,0.0000,0.0000,0
ds-09-1p15gb-18680files-copy07-plus-12k-kaggle,sequential-python,local,0,188,3:08.30,1080884,0.00,3.04,874897,0,0,0
combo-04-ds01-09-1p15gb-19680f,hadoop-base,r1,0,188,3:07.36,456528,4.00,3.89,874901,0.0000,0.0000,0
combo-04-ds01-09-1p15gb-19680f,hadoop-base,r2,0,175,2:54.27,492012,5.00,4.22,874901,0.0000,0.0000,0
combo-04-ds01-09-1p15gb-19680f,hadoop-base,r4,0,171,2:50.96,607440,4.00,3.92,874901,0.0000,0.0000,0
combo-04-ds01-09-1p15gb-19680f,hadoop-base,r8,0,171,2:51.16,559100,4.00,4.01,874901,0.0000,0.0000,0
combo-04-ds01-09-1p15gb-19680f,hadoop-base,r16,0,173,2:52.69,588728,4.00,4.03,874901,0.0000,0.0000,0
combo-04-ds01-09-1p15gb-19680f,hadoop-base,r24,0,186,3:05.83,618232,4.00,3.85,874901,0.0000,0.0000,0
combo-04-ds01-09-1p15gb-19680f,hadoop-inmapper,r1,0,120,2:00.48,561680,4.00,3.85,874901,0.0000,0.0000,0
combo-04-ds01-09-1p15gb-19680f,hadoop-inmapper,r2,0,122,2:02.20,636452,4.00,3.86,874901,0.0000,0.0000,0
combo-04-ds01-09-1p15gb-19680f,hadoop-inmapper,r4,0,115,1:54.96,635956,4.00,3.91,874901,0.0000,0.0000,0
combo-04-ds01-09-1p15gb-19680f,hadoop-inmapper,r8,0,118,1:58.80,542244,4.00,3.97,874901,0.0000,0.0000,0
combo-04-ds01-09-1p15gb-19680f,hadoop-inmapper,r16,0,141,2:20.60,639856,4.00,4.10,874901,0.0000,0.0000,0
combo-04-ds01-09-1p15gb-19680f,hadoop-inmapper,r24,0,135,2:14.93,566772,4.00,3.82,874901,0.0000,0.0000,0
combo-04-ds01-09-1p15gb-19680f,pyspark-fastest,p4,0,173,2:53.48,902628,4.00,4.27,874901,0.0000,0.0000,0
combo-04-ds01-09-1p15gb-19680f,pyspark-fastest,p8,0,139,2:19.44,881160,4.00,4.23,874901,0.0000,0.0000,0
combo-04-ds01-09-1p15gb-19680f,pyspark-fastest,p16,0,126,2:05.83,927660,4.00,3.95,874901,0.0000,0.0000,0
combo-04-ds01-09-1p15gb-19680f,pyspark-fastest,p24,0,113,1:52.72,901368,4.00,3.74,874901,0.0000,0.0000,0
combo-04-ds01-09-1p15gb-19680f,pyspark-fastest,p32,0,112,1:51.62,894316,4.00,3.77,874901,0.0000,0.0000,0
combo-04-ds01-09-1p15gb-19680f,pyspark-fastest,p40,0,125,2:04.32,901768,4.00,3.86,874901,0.0000,0.0000,0
combo-04-ds01-09-1p15gb-19680f,java-spark,p4,0,178,2:58.26,841380,5.00,5.60,874901,0.0000,0.0000,0
combo-04-ds01-09-1p15gb-19680f,java-spark,p8,0,168,2:47.97,896908,5.00,5.14,874901,0.0000,0.0000,0
combo-04-ds01-09-1p15gb-19680f,java-spark,p16,0,115,1:54.70,794152,4.00,4.68,874901,0.0000,0.0000,0
combo-04-ds01-09-1p15gb-19680f,java-spark,p24,0,109,1:48.56,864792,4.00,4.44,874901,0.0000,0.0000,0
combo-04-ds01-09-1p15gb-19680f,java-spark,p32,0,107,1:47.01,892536,4.00,4.22,874901,0.0000,0.0000,0
combo-04-ds01-09-1p15gb-19680f,java-spark,p40,0,107,1:47.09,787644,4.00,4.32,874901,0.0000,0.0000,0
combo-04-ds01-09-1p15gb-19680f,sequential-python,local,0,194,3:13.69,1087320,0.00,3.04,874901,0,0,0
ds-10-1p55gb-1917files-combined-04-05-08,hadoop-base,r1,0,251,4:11.08,319412,4.00,4.50,7244787,0.0000,0.0000,0
ds-10-1p55gb-1917files-combined-04-05-08,hadoop-base,r2,0,244,4:03.11,284352,5.00,4.79,7244787,0.0000,0.0000,0
ds-10-1p55gb-1917files-combined-04-05-08,hadoop-base,r4,0,249,4:08.14,351312,5.00,4.84,7244787,0.0000,0.0000,0
ds-10-1p55gb-1917files-combined-04-05-08,hadoop-base,r8,0,242,4:02.30,359716,4.00,4.53,7244787,0.0000,0.0000,0
ds-10-1p55gb-1917files-combined-04-05-08,hadoop-base,r16,0,238,3:58.28,332092,4.00,4.63,7244787,0.0000,0.0000,0
ds-10-1p55gb-1917files-combined-04-05-08,hadoop-base,r24,0,250,4:09.95,360120,4.00,4.50,7244787,0.0000,0.0000,0
ds-10-1p55gb-1917files-combined-04-05-08,hadoop-inmapper,r1,0,165,2:44.36,334908,4.00,4.91,7244787,0.0000,0.0000,0
ds-10-1p55gb-1917files-combined-04-05-08,hadoop-inmapper,r2,0,138,2:18.39,357484,4.00,4.91,7244787,0.0000,0.0000,0
ds-10-1p55gb-1917files-combined-04-05-08,hadoop-inmapper,r4,0,142,2:21.38,363316,4.00,4.84,7244787,0.0000,0.0000,0
ds-10-1p55gb-1917files-combined-04-05-08,hadoop-inmapper,r8,0,150,2:29.72,358024,4.00,4.69,7244787,0.0000,0.0000,0
ds-10-1p55gb-1917files-combined-04-05-08,hadoop-inmapper,r16,0,154,2:34.49,290088,4.00,4.77,7244787,0.0000,0.0000,0
ds-10-1p55gb-1917files-combined-04-05-08,hadoop-inmapper,r24,0,175,2:54.34,321200,5.00,5.13,7244787,0.0000,0.0000,0
ds-10-1p55gb-1917files-combined-04-05-08,pyspark-fastest,p4,0,296,4:55.40,469888,4.00,4.61,7244787,0.0000,0.0000,0
ds-10-1p55gb-1917files-combined-04-05-08,pyspark-fastest,p8,0,194,3:13.84,554444,4.00,4.40,7244787,0.0000,0.0000,0
ds-10-1p55gb-1917files-combined-04-05-08,pyspark-fastest,p16,0,151,2:30.91,593456,5.00,4.58,7244787,0.0000,0.0000,0
ds-10-1p55gb-1917files-combined-04-05-08,pyspark-fastest,p24,0,166,2:45.89,627524,4.00,4.10,7244787,0.0000,0.0000,0
ds-10-1p55gb-1917files-combined-04-05-08,pyspark-fastest,p32,0,157,2:36.41,575244,4.00,3.76,7244787,0.0000,0.0000,0
ds-10-1p55gb-1917files-combined-04-05-08,pyspark-fastest,p40,0,153,2:33.33,638500,5.00,4.45,7244787,0.0000,0.0000,0
ds-10-1p55gb-1917files-combined-04-05-08,java-spark,p4,0,247,4:06.87,517816,4.00,5.88,7244787,0.0000,0.0000,0
ds-10-1p55gb-1917files-combined-04-05-08,java-spark,p8,0,176,2:56.33,467544,5.00,4.97,7244787,0.0000,0.0000,0
ds-10-1p55gb-1917files-combined-04-05-08,java-spark,p16,0,164,2:44.19,528112,4.00,4.52,7244787,0.0000,0.0000,0
ds-10-1p55gb-1917files-combined-04-05-08,java-spark,p24,0,142,2:21.76,539504,5.00,4.80,7244787,0.0000,0.0000,0
ds-10-1p55gb-1917files-combined-04-05-08,java-spark,p32,0,133,2:12.77,563612,4.00,4.23,7244787,0.0000,0.0000,0
ds-10-1p55gb-1917files-combined-04-05-08,java-spark,p40,0,136,2:15.94,591168,4.00,4.20,7244787,0.0000,0.0000,0
ds-10-1p55gb-1917files-combined-04-05-08,sequential-python,local,0,265,4:24.94,3257480,0.00,5.03,7244787,0,0,0
combo-09-ds06-07-11-1p65gb-2875f,hadoop-base,r1,0,272,4:32.14,326168,4.00,4.01,8254331,0.0000,0.0000,0
combo-09-ds06-07-11-1p65gb-2875f,hadoop-base,r2,0,256,4:16.17,339188,5.00,4.45,8254331,0.0000,0.0000,0
combo-09-ds06-07-11-1p65gb-2875f,hadoop-base,r4,0,235,3:55.16,355128,4.00,4.06,8254331,0.0000,0.0000,0
combo-09-ds06-07-11-1p65gb-2875f,hadoop-base,r8,0,236,3:55.38,349868,4.00,4.08,8254331,0.0000,0.0000,0
combo-09-ds06-07-11-1p65gb-2875f,hadoop-base,r16,0,231,3:51.13,335364,4.00,3.99,8254331,0.0000,0.0000,0
combo-09-ds06-07-11-1p65gb-2875f,hadoop-base,r24,0,244,4:04.04,328056,4.00,4.05,8254331,0.0000,0.0000,0
combo-09-ds06-07-11-1p65gb-2875f,hadoop-inmapper,r1,0,146,2:25.84,319696,5.00,4.35,8254331,0.0000,0.0000,0
combo-09-ds06-07-11-1p65gb-2875f,hadoop-inmapper,r2,0,149,2:29.13,286408,5.00,4.38,8254331,0.0000,0.0000,0
combo-09-ds06-07-11-1p65gb-2875f,hadoop-inmapper,r4,0,144,2:24.64,324300,4.00,4.03,8254331,0.0000,0.0000,0
combo-09-ds06-07-11-1p65gb-2875f,hadoop-inmapper,r8,0,146,2:25.80,330316,5.00,4.39,8254331,0.0000,0.0000,0
combo-09-ds06-07-11-1p65gb-2875f,hadoop-inmapper,r16,0,157,2:36.13,362432,4.00,3.92,8254331,0.0000,0.0000,0
combo-09-ds06-07-11-1p65gb-2875f,hadoop-inmapper,r24,0,171,2:51.04,354348,5.00,4.35,8254331,0.0000,0.0000,0
combo-09-ds06-07-11-1p65gb-2875f,pyspark-fastest,p4,0,282,4:41.19,484812,5.00,4.41,8254331,0.0000,0.0000,0
combo-09-ds06-07-11-1p65gb-2875f,pyspark-fastest,p8,0,246,4:05.43,553800,5.00,5.66,8254331,0.0000,0.0000,0
combo-09-ds06-07-11-1p65gb-2875f,pyspark-fastest,p16,0,162,2:41.94,566024,4.00,3.96,8254331,0.0000,0.0000,0
combo-09-ds06-07-11-1p65gb-2875f,pyspark-fastest,p24,0,141,2:21.56,632212,5.00,4.86,8254331,0.0000,0.0000,0
combo-09-ds06-07-11-1p65gb-2875f,pyspark-fastest,p32,0,159,2:38.91,619072,4.00,4.35,8254331,0.0000,0.0000,0
combo-09-ds06-07-11-1p65gb-2875f,pyspark-fastest,p40,0,139,2:18.67,549476,4.00,4.25,8254331,0.0000,0.0000,0
combo-09-ds06-07-11-1p65gb-2875f,java-spark,p4,0,230,3:50.27,503932,5.00,4.80,8254331,0.0000,0.0000,0
combo-09-ds06-07-11-1p65gb-2875f,java-spark,p8,0,170,2:49.90,557448,5.00,4.68,8254331,0.0000,0.0000,0
combo-09-ds06-07-11-1p65gb-2875f,java-spark,p16,0,149,2:28.77,521092,4.00,4.53,8254331,0.0000,0.0000,0
combo-09-ds06-07-11-1p65gb-2875f,java-spark,p24,0,133,2:12.97,586320,4.00,4.55,8254331,0.0000,0.0000,0
combo-09-ds06-07-11-1p65gb-2875f,java-spark,p32,0,148,2:27.83,547948,5.00,5.44,8254331,0.0000,0.0000,0
combo-09-ds06-07-11-1p65gb-2875f,java-spark,p40,0,149,2:28.41,547092,4.00,4.22,8254331,0.0000,0.0000,0
combo-09-ds06-07-11-1p65gb-2875f,sequential-python,local,0,281,4:40.87,3825516,0.00,5.35,8254331,0,0,0
combo-03-ds07-12-1p9gb-4988f,hadoop-base,r1,0,300,5:00.81,342032,4.00,4.01,5705699,0.0000,0.0000,0
combo-03-ds07-12-1p9gb-4988f,hadoop-base,r2,0,285,4:44.58,363652,4.00,3.90,5705699,0.0000,0.0000,0
combo-03-ds07-12-1p9gb-4988f,hadoop-base,r4,0,286,4:46.49,405580,4.00,3.91,5705699,0.0000,0.0000,0
combo-03-ds07-12-1p9gb-4988f,hadoop-base,r8,0,267,4:26.66,366732,4.00,3.82,5705699,0.0000,0.0000,0
combo-03-ds07-12-1p9gb-4988f,hadoop-base,r16,0,291,4:51.55,343892,5.00,4.21,5705699,0.0000,0.0000,0
combo-03-ds07-12-1p9gb-4988f,hadoop-base,r24,0,298,4:57.78,349328,5.00,4.16,5705699,0.0000,0.0000,0
combo-03-ds07-12-1p9gb-4988f,hadoop-inmapper,r1,0,168,2:48.12,348460,4.00,3.72,5705699,0.0000,0.0000,0
combo-03-ds07-12-1p9gb-4988f,hadoop-inmapper,r2,0,160,2:40.29,339492,4.00,3.73,5705699,0.0000,0.0000,0
combo-03-ds07-12-1p9gb-4988f,hadoop-inmapper,r4,0,164,2:43.88,343012,5.00,4.22,5705699,0.0000,0.0000,0
combo-03-ds07-12-1p9gb-4988f,hadoop-inmapper,r8,0,167,2:47.16,345640,5.00,4.13,5705699,0.0000,0.0000,0
combo-03-ds07-12-1p9gb-4988f,hadoop-inmapper,r16,0,171,2:50.98,347768,5.00,4.22,5705699,0.0000,0.0000,0
combo-03-ds07-12-1p9gb-4988f,hadoop-inmapper,r24,0,199,3:19.21,347108,4.00,3.81,5705699,0.0000,0.0000,0
combo-03-ds07-12-1p9gb-4988f,pyspark-fastest,p4,0,257,4:17.44,563820,4.00,3.85,5705699,0.0000,0.0000,0
combo-03-ds07-12-1p9gb-4988f,pyspark-fastest,p8,0,188,3:08.07,671632,4.00,3.77,5705699,0.0000,0.0000,0
combo-03-ds07-12-1p9gb-4988f,pyspark-fastest,p16,0,161,2:41.01,602780,4.00,4.37,5705699,0.0000,0.0000,0
combo-03-ds07-12-1p9gb-4988f,pyspark-fastest,p24,0,154,2:33.02,656972,4.00,4.05,5705699,0.0000,0.0000,0
combo-03-ds07-12-1p9gb-4988f,pyspark-fastest,p32,0,153,2:32.32,608928,4.00,4.19,5705699,0.0000,0.0000,0
combo-03-ds07-12-1p9gb-4988f,pyspark-fastest,p40,0,141,2:20.90,643096,4.00,4.05,5705699,0.0000,0.0000,0
combo-03-ds07-12-1p9gb-4988f,java-spark,p4,0,159,2:39.53,563644,4.00,4.89,5705699,0.0000,0.0000,0
combo-03-ds07-12-1p9gb-4988f,java-spark,p8,0,173,2:50.89,575468,4.00,4.86,5705699,0.0000,0.0000,0
combo-03-ds07-12-1p9gb-4988f,java-spark,p16,0,146,2:25.41,582556,4.00,4.77,5705699,0.0000,0.0000,0
combo-03-ds07-12-1p9gb-4988f,java-spark,p24,0,132,2:12.85,524716,4.00,4.54,5705699,0.0000,0.0000,0
combo-03-ds07-12-1p9gb-4988f,java-spark,p32,0,129,2:08.65,541876,4.00,4.33,5705699,0.0000,0.0000,0
combo-03-ds07-12-1p9gb-4988f,java-spark,p40,0,128,2:08.01,605428,4.00,4.44,5705699,0.0000,0.0000,0
combo-03-ds07-12-1p9gb-4988f,sequential-python,local,0,356,5:55.31,3219324,0.00,4.90,5705699,0,0,0
combo-07-ds03-04-05-1p14gb-2293f,hadoop-base,r1,0,214,3:34.07,325260,4.00,3.72,5096491,0.0000,0.0000,0
combo-07-ds03-04-05-1p14gb-2293f,hadoop-base,r2,0,200,3:19.94,333384,4.00,3.67,5096491,0.0000,0.0000,0
combo-07-ds03-04-05-1p14gb-2293f,hadoop-base,r4,0,191,3:10.19,287360,5.00,4.18,5096491,0.0000,0.0000,0
combo-07-ds03-04-05-1p14gb-2293f,hadoop-base,r8,0,183,3:02.96,321608,4.00,3.76,5096491,0.0000,0.0000,0
combo-07-ds03-04-05-1p14gb-2293f,hadoop-base,r16,0,187,3:06.87,313320,4.00,3.69,5096491,0.0000,0.0000,0
combo-07-ds03-04-05-1p14gb-2293f,hadoop-base,r24,0,204,3:23.90,328320,5.00,4.19,5096491,0.0000,0.0000,0
combo-07-ds03-04-05-1p14gb-2293f,hadoop-inmapper,r1,0,122,2:01.74,373260,5.00,4.02,5096491,0.0000,0.0000,0
combo-07-ds03-04-05-1p14gb-2293f,hadoop-inmapper,r2,0,111,1:51.52,352612,4.00,3.66,5096491,0.0000,0.0000,0
combo-07-ds03-04-05-1p14gb-2293f,hadoop-inmapper,r4,0,111,1:50.98,333728,4.00,3.92,5096491,0.0000,0.0000,0
combo-07-ds03-04-05-1p14gb-2293f,hadoop-inmapper,r8,0,123,2:03.10,363916,5.00,4.17,5096491,0.0000,0.0000,0
combo-07-ds03-04-05-1p14gb-2293f,hadoop-inmapper,r16,0,124,2:03.79,355548,5.00,4.07,5096491,0.0000,0.0000,0
combo-07-ds03-04-05-1p14gb-2293f,hadoop-inmapper,r24,0,130,2:10.21,340228,4.00,3.67,5096491,0.0000,0.0000,0
combo-07-ds03-04-05-1p14gb-2293f,pyspark-fastest,p4,0,202,3:21.81,554440,4.00,3.74,5096491,0.0000,0.0000,0
combo-07-ds03-04-05-1p14gb-2293f,pyspark-fastest,p8,0,160,2:39.58,539888,4.00,3.84,5096491,0.0000,0.0000,0
combo-07-ds03-04-05-1p14gb-2293f,pyspark-fastest,p16,0,112,1:51.91,546552,4.00,4.01,5096491,0.0000,0.0000,0
combo-07-ds03-04-05-1p14gb-2293f,pyspark-fastest,p24,0,123,2:03.00,572048,5.00,3.96,5096491,0.0000,0.0000,0
combo-07-ds03-04-05-1p14gb-2293f,pyspark-fastest,p32,0,115,1:54.64,602800,4.00,3.70,5096491,0.0000,0.0000,0
combo-07-ds03-04-05-1p14gb-2293f,pyspark-fastest,p40,0,123,2:02.99,616088,5.00,4.27,5096491,0.0000,0.0000,0
combo-07-ds03-04-05-1p14gb-2293f,java-spark,p4,0,139,2:19.21,553516,5.00,5.05,5096491,0.0000,0.0000,0
combo-07-ds03-04-05-1p14gb-2293f,java-spark,p8,0,148,2:28.12,564688,4.00,4.78,5096491,0.0000,0.0000,0
combo-07-ds03-04-05-1p14gb-2293f,java-spark,p16,0,126,2:06.50,454128,5.00,4.71,5096491,0.0000,0.0000,0
combo-07-ds03-04-05-1p14gb-2293f,java-spark,p24,0,114,1:54.09,471168,4.00,4.39,5096491,0.0000,0.0000,0
combo-07-ds03-04-05-1p14gb-2293f,java-spark,p32,0,112,1:51.56,570952,4.00,4.30,5096491,0.0000,0.0000,0
combo-07-ds03-04-05-1p14gb-2293f,java-spark,p40,0,113,1:52.18,521312,4.00,4.15,5096491,0.0000,0.0000,0
combo-07-ds03-04-05-1p14gb-2293f,sequential-python,local,0,207,3:26.93,2241600,0.00,4.12,5096491,0,0,0
combo-08-ds02-09-1p41gb-21262f,hadoop-base,r1,0,316,5:16.83,584436,4.00,3.85,1732040,0.0000,0.0000,0
combo-08-ds02-09-1p41gb-21262f,hadoop-base,r2,0,276,4:35.96,635592,4.00,4.01,1732040,0.0000,0.0000,0
combo-08-ds02-09-1p41gb-21262f,hadoop-base,r4,0,261,4:20.68,593016,4.00,3.88,1732040,0.0000,0.0000,0
combo-08-ds02-09-1p41gb-21262f,hadoop-base,r8,0,262,4:21.55,611924,4.00,4.00,1732040,0.0000,0.0000,0
combo-08-ds02-09-1p41gb-21262f,hadoop-base,r16,0,263,4:22.48,466908,4.00,3.76,1732040,0.0000,0.0000,0
combo-08-ds02-09-1p41gb-21262f,hadoop-base,r24,0,267,4:27.45,639088,4.00,4.14,1732040,0.0000,0.0000,0
combo-08-ds02-09-1p41gb-21262f,hadoop-inmapper,r1,0,193,3:13.32,571632,4.00,4.01,1732040,0.0000,0.0000,0
combo-08-ds02-09-1p41gb-21262f,hadoop-inmapper,r2,0,157,2:36.54,579964,4.00,3.92,1732040,0.0000,0.0000,0
combo-08-ds02-09-1p41gb-21262f,hadoop-inmapper,r4,0,143,2:22.94,638744,4.00,3.79,1732040,0.0000,0.0000,0
combo-08-ds02-09-1p41gb-21262f,hadoop-inmapper,r8,0,151,2:31.19,473988,4.00,3.82,1732040,0.0000,0.0000,0
combo-08-ds02-09-1p41gb-21262f,hadoop-inmapper,r16,0,167,2:47.38,489152,5.00,4.20,1732040,0.0000,0.0000,0
combo-08-ds02-09-1p41gb-21262f,hadoop-inmapper,r24,0,174,2:54.57,505480,4.00,3.83,1732040,0.0000,0.0000,0
combo-08-ds02-09-1p41gb-21262f,pyspark-fastest,p4,0,302,5:01.81,950036,4.00,4.57,1732040,0.0000,0.0000,0
combo-08-ds02-09-1p41gb-21262f,pyspark-fastest,p8,0,171,2:51.13,888928,4.00,4.08,1732040,0.0000,0.0000,0
combo-08-ds02-09-1p41gb-21262f,pyspark-fastest,p16,0,161,2:41.02,972436,4.00,4.41,1732040,0.0000,0.0000,0
combo-08-ds02-09-1p41gb-21262f,pyspark-fastest,p24,0,153,2:32.83,947920,4.00,4.59,1732040,0.0000,0.0000,0
combo-08-ds02-09-1p41gb-21262f,pyspark-fastest,p32,0,147,2:27.30,908920,5.00,4.44,1732040,0.0000,0.0000,0
combo-08-ds02-09-1p41gb-21262f,pyspark-fastest,p40,0,143,2:22.10,949140,4.00,4.04,1732040,0.0000,0.0000,0
combo-08-ds02-09-1p41gb-21262f,java-spark,p4,0,144,2:23.83,838336,4.00,5.42,1732040,0.0000,0.0000,0
combo-08-ds02-09-1p41gb-21262f,java-spark,p8,0,209,3:29.36,881640,4.00,5.00,1732040,0.0000,0.0000,0
combo-08-ds02-09-1p41gb-21262f,java-spark,p16,0,178,2:57.67,947500,4.00,4.85,1732040,0.0000,0.0000,0
combo-08-ds02-09-1p41gb-21262f,java-spark,p24,0,140,2:19.99,823584,4.00,4.74,1732040,0.0000,0.0000,0
combo-08-ds02-09-1p41gb-21262f,java-spark,p32,0,125,2:05.49,932228,4.00,4.55,1732040,0.0000,0.0000,0
combo-08-ds02-09-1p41gb-21262f,java-spark,p40,0,131,2:10.57,833392,4.00,4.57,1732040,0.0000,0.0000,0
combo-08-ds02-09-1p41gb-21262f,sequential-python,local,0,270,4:30.40,1609948,0.00,3.54,1732040,0,0,0
combo-11-ds06-07-10-3p1gb-4676f,hadoop-base,r1,0,502,8:21.59,368932,4.00,4.21,11145886,0.0000,0.0000,0
combo-11-ds06-07-10-3p1gb-4676f,hadoop-base,r2,0,453,7:32.93,345556,4.00,4.07,11145886,0.0000,0.0000,0
combo-11-ds06-07-10-3p1gb-4676f,hadoop-base,r4,0,499,8:18.45,322540,4.00,4.08,11145886,0.0000,0.0000,0
combo-11-ds06-07-10-3p1gb-4676f,hadoop-base,r8,0,461,7:41.36,344400,4.00,3.98,11145886,0.0000,0.0000,0
combo-11-ds06-07-10-3p1gb-4676f,hadoop-base,r16,0,428,7:08.67,340952,5.00,4.42,11145886,0.0000,0.0000,0
combo-11-ds06-07-10-3p1gb-4676f,hadoop-base,r24,0,435,7:15.32,375512,5.00,4.50,11145886,0.0000,0.0000,0
combo-11-ds06-07-10-3p1gb-4676f,hadoop-inmapper,r1,0,295,4:54.98,339368,5.00,4.47,11145886,0.0000,0.0000,0
combo-11-ds06-07-10-3p1gb-4676f,hadoop-inmapper,r2,0,243,4:02.17,321496,4.00,4.08,11145886,0.0000,0.0000,0
combo-11-ds06-07-10-3p1gb-4676f,hadoop-inmapper,r4,0,263,4:23.08,338140,4.00,3.98,11145886,0.0000,0.0000,0
combo-11-ds06-07-10-3p1gb-4676f,hadoop-inmapper,r8,0,271,4:31.09,345880,5.00,4.43,11145886,0.0000,0.0000,0
combo-11-ds06-07-10-3p1gb-4676f,hadoop-inmapper,r16,0,268,4:27.54,361504,5.00,4.38,11145886,0.0000,0.0000,0
combo-11-ds06-07-10-3p1gb-4676f,hadoop-inmapper,r24,0,271,4:31.76,372776,5.00,4.50,11145886,0.0000,0.0000,0
combo-11-ds06-07-10-3p1gb-4676f,pyspark-fastest,p4,0,444,7:24.10,592200,4.00,6.29,11145886,0.0000,0.0000,0
combo-11-ds06-07-10-3p1gb-4676f,pyspark-fastest,p8,0,360,5:59.94,516196,4.00,4.83,11145886,0.0000,0.0000,0
combo-11-ds06-07-10-3p1gb-4676f,pyspark-fastest,p16,0,323,5:23.07,582536,4.00,4.71,11145886,0.0000,0.0000,0
combo-11-ds06-07-10-3p1gb-4676f,pyspark-fastest,p24,0,286,4:45.59,497724,5.00,4.90,11145886,0.0000,0.0000,0
combo-11-ds06-07-10-3p1gb-4676f,pyspark-fastest,p32,0,240,3:59.89,629164,4.00,4.20,11145886,0.0000,0.0000,0
combo-11-ds06-07-10-3p1gb-4676f,pyspark-fastest,p40,0,239,3:59.72,611380,5.00,5.22,11145886,0.0000,0.0000,0
combo-11-ds06-07-10-3p1gb-4676f,java-spark,p4,0,628,10:27.95,581484,5.00,6.34,11145886,0.0000,0.0000,0
combo-11-ds06-07-10-3p1gb-4676f,java-spark,p8,0,289,4:49.39,548184,4.00,5.79,11145886,0.0000,0.0000,0
combo-11-ds06-07-10-3p1gb-4676f,java-spark,p16,0,267,4:26.56,593056,4.00,4.99,11145886,0.0000,0.0000,0
combo-11-ds06-07-10-3p1gb-4676f,java-spark,p24,0,227,3:46.91,597548,5.00,5.75,11145886,0.0000,0.0000,0
combo-11-ds06-07-10-3p1gb-4676f,java-spark,p32,0,233,3:52.56,534652,5.00,5.21,11145886,0.0000,0.0000,0
combo-11-ds06-07-10-3p1gb-4676f,java-spark,p40,0,228,3:48.14,592456,4.00,5.14,11145886,0.0000,0.0000,0
combo-11-ds06-07-10-3p1gb-4676f,sequential-python,local,137,423,7:01.92,4865060,0.00,6.43,0,0,0,0
combo-10-ds08-09-12-3p35gb-27855f,hadoop-base,r1,0,585,9:44.91,662868,5.00,4.41,1497496,0.0000,0.0000,0
combo-10-ds08-09-12-3p35gb-27855f,hadoop-base,r2,0,479,7:58.56,677304,4.00,4.16,1497496,0.0000,0.0000,0
combo-10-ds08-09-12-3p35gb-27855f,hadoop-base,r4,0,552,9:12.01,649016,4.00,4.03,1497496,0.0000,0.0000,0
combo-10-ds08-09-12-3p35gb-27855f,hadoop-base,r8,0,594,9:53.60,663060,5.00,4.39,1497496,0.0000,0.0000,0
combo-10-ds08-09-12-3p35gb-27855f,hadoop-base,r16,0,538,8:57.62,638300,4.00,3.89,1497496,0.0000,0.0000,0
combo-10-ds08-09-12-3p35gb-27855f,hadoop-base,r24,0,514,8:34.80,640304,5.00,4.42,1497496,0.0000,0.0000,0
combo-10-ds08-09-12-3p35gb-27855f,hadoop-inmapper,r1,0,295,4:54.81,663220,4.00,3.99,1497496,0.0000,0.0000,0
combo-10-ds08-09-12-3p35gb-27855f,hadoop-inmapper,r2,0,325,5:24.41,649288,4.00,4.08,1497496,0.0000,0.0000,0
combo-10-ds08-09-12-3p35gb-27855f,hadoop-inmapper,r4,0,347,5:46.79,660480,5.00,5.05,1497496,0.0000,0.0000,0
combo-10-ds08-09-12-3p35gb-27855f,hadoop-inmapper,r8,0,359,5:59.23,661648,4.00,3.89,1497496,0.0000,0.0000,0
combo-10-ds08-09-12-3p35gb-27855f,hadoop-inmapper,r16,0,351,5:51.41,629664,5.00,4.15,1497496,0.0000,0.0000,0
combo-10-ds08-09-12-3p35gb-27855f,hadoop-inmapper,r24,0,337,5:37.67,633004,4.00,3.96,1497496,0.0000,0.0000,0
combo-10-ds08-09-12-3p35gb-27855f,pyspark-fastest,p4,0,364,6:04.41,1068428,4.00,4.40,1497496,0.0000,0.0000,0
combo-10-ds08-09-12-3p35gb-27855f,pyspark-fastest,p8,0,298,4:57.46,1057576,5.00,5.17,1497496,0.0000,0.0000,0
combo-10-ds08-09-12-3p35gb-27855f,pyspark-fastest,p16,0,265,4:25.48,1011860,4.00,4.24,1497496,0.0000,0.0000,0
combo-10-ds08-09-12-3p35gb-27855f,pyspark-fastest,p24,0,273,4:33.78,961356,4.00,4.59,1497496,0.0000,0.0000,0
combo-10-ds08-09-12-3p35gb-27855f,pyspark-fastest,p32,0,266,4:26.04,923840,4.00,4.96,1497496,0.0000,0.0000,0
combo-10-ds08-09-12-3p35gb-27855f,pyspark-fastest,p40,0,237,3:56.45,1042064,4.00,4.81,1497496,0.0000,0.0000,0
combo-10-ds08-09-12-3p35gb-27855f,java-spark,p4,0,370,6:10.35,914484,4.00,5.65,1497496,0.0000,0.0000,0
combo-10-ds08-09-12-3p35gb-27855f,java-spark,p8,0,269,4:28.79,985840,4.00,5.67,1497496,0.0000,0.0000,0
combo-10-ds08-09-12-3p35gb-27855f,java-spark,p16,0,288,4:47.82,983956,5.00,5.74,1497496,0.0000,0.0000,0
combo-10-ds08-09-12-3p35gb-27855f,java-spark,p24,0,212,3:31.83,984144,4.00,5.36,1497496,0.0000,0.0000,0
combo-10-ds08-09-12-3p35gb-27855f,java-spark,p32,0,252,4:12.26,1041540,4.00,5.13,1497496,0.0000,0.0000,0
combo-10-ds08-09-12-3p35gb-27855f,java-spark,p40,0,223,3:42.28,1028300,4.00,5.01,1497496,0.0000,0.0000,0
combo-10-ds08-09-12-3p35gb-27855f,sequential-python,local,0,840,13:59.71,2162108,0.00,4.09,1497496,0,0,0
combo-12-ds08-10-12-3p75gb-11092f,hadoop-base,r1,0,569,9:28.04,464628,4.00,4.58,7736590,0.0000,0.0000,0
combo-12-ds08-10-12-3p75gb-11092f,hadoop-base,r2,0,498,8:18.71,387608,4.00,4.48,7736590,0.0000,0.0000,0
combo-12-ds08-10-12-3p75gb-11092f,hadoop-base,r4,0,595,9:55.25,458128,4.00,4.75,7736590,0.0000,0.0000,0
combo-12-ds08-10-12-3p75gb-11092f,hadoop-base,r8,0,601,10:00.67,470424,4.00,4.56,7736590,0.0000,0.0000,0
combo-12-ds08-10-12-3p75gb-11092f,hadoop-base,r16,0,550,9:09.60,489464,4.00,4.60,7736590,0.0000,0.0000,0
combo-12-ds08-10-12-3p75gb-11092f,hadoop-base,r24,0,602,10:02.64,468608,4.00,4.51,7736590,0.0000,0.0000,0
combo-12-ds08-10-12-3p75gb-11092f,hadoop-inmapper,r1,0,365,6:05.50,487768,4.00,4.59,7736590,0.0000,0.0000,0
combo-12-ds08-10-12-3p75gb-11092f,hadoop-inmapper,r2,0,345,5:45.08,394868,4.00,4.85,7736590,0.0000,0.0000,0
combo-12-ds08-10-12-3p75gb-11092f,hadoop-inmapper,r4,0,367,6:06.47,457408,5.00,5.09,7736590,0.0000,0.0000,0
combo-12-ds08-10-12-3p75gb-11092f,hadoop-inmapper,r8,0,398,6:37.91,486592,5.00,5.33,7736590,0.0000,0.0000,0
combo-12-ds08-10-12-3p75gb-11092f,hadoop-inmapper,r16,0,391,6:31.86,458400,4.00,4.85,7736590,0.0000,0.0000,0
combo-12-ds08-10-12-3p75gb-11092f,hadoop-inmapper,r24,0,377,6:17.00,391628,5.00,5.04,7736590,0.0000,0.0000,0
combo-12-ds08-10-12-3p75gb-11092f,pyspark-fastest,p4,0,534,8:54.77,671112,5.00,4.70,7736590,0.0000,0.0000,0
combo-12-ds08-10-12-3p75gb-11092f,pyspark-fastest,p8,0,336,5:36.41,686976,4.00,5.18,7736590,0.0000,0.0000,0
combo-12-ds08-10-12-3p75gb-11092f,pyspark-fastest,p16,0,296,4:56.21,685844,4.00,4.72,7736590,0.0000,0.0000,0
combo-12-ds08-10-12-3p75gb-11092f,pyspark-fastest,p24,0,277,4:37.46,683948,5.00,4.67,7736590,0.0000,0.0000,0
combo-12-ds08-10-12-3p75gb-11092f,pyspark-fastest,p32,0,265,4:24.90,732084,4.00,4.40,7736590,0.0000,0.0000,0
combo-12-ds08-10-12-3p75gb-11092f,pyspark-fastest,p40,0,270,4:30.20,643108,4.00,4.46,7736590,0.0000,0.0000,0
combo-12-ds08-10-12-3p75gb-11092f,java-spark,p4,0,430,7:09.16,703128,5.00,6.29,7736590,0.0000,0.0000,0
combo-12-ds08-10-12-3p75gb-11092f,java-spark,p8,0,317,5:17.32,703244,4.00,5.77,7736590,0.0000,0.0000,0
combo-12-ds08-10-12-3p75gb-11092f,java-spark,p16,0,296,4:55.69,701068,5.00,5.44,7736590,0.0000,0.0000,0
combo-12-ds08-10-12-3p75gb-11092f,java-spark,p24,0,250,4:09.58,733504,5.00,5.46,7736590,0.0000,0.0000,0
combo-12-ds08-10-12-3p75gb-11092f,java-spark,p32,0,245,4:04.28,690572,5.00,5.55,7736590,0.0000,0.0000,0
combo-12-ds08-10-12-3p75gb-11092f,java-spark,p40,0,247,4:05.89,696304,4.00,5.21,7736590,0.0000,0.0000,0
combo-12-ds08-10-12-3p75gb-11092f,sequential-python,local,0,805,13:24.70,4597700,0.00,6.33,7736590,0,0,0
combo-05-ds09-10-2p7gb-20597f,hadoop-base,r1,0,597,9:56.34,529764,4.00,4.59,7712409,0.0000,0.0000,0
combo-05-ds09-10-2p7gb-20597f,hadoop-base,r2,0,458,7:38.52,516472,4.00,4.60,7712409,0.0000,0.0000,0
combo-05-ds09-10-2p7gb-20597f,hadoop-base,r4,0,466,7:46.50,480888,5.00,4.86,7712409,0.0000,0.0000,0
combo-05-ds09-10-2p7gb-20597f,hadoop-base,r8,0,466,7:46.16,653848,4.00,4.73,7712409,0.0000,0.0000,0
combo-05-ds09-10-2p7gb-20597f,hadoop-base,r16,0,484,8:04.02,550644,5.00,4.98,7712409,0.0000,0.0000,0
combo-05-ds09-10-2p7gb-20597f,hadoop-base,r24,0,468,7:47.55,602656,5.00,4.98,7712409,0.0000,0.0000,0
combo-05-ds09-10-2p7gb-20597f,hadoop-inmapper,r1,0,318,5:18.63,500956,4.00,4.62,7712409,0.0000,0.0000,0
combo-05-ds09-10-2p7gb-20597f,hadoop-inmapper,r2,0,332,5:32.47,635332,5.00,5.28,7712409,0.0000,0.0000,0
combo-05-ds09-10-2p7gb-20597f,hadoop-inmapper,r4,0,353,5:52.00,592236,4.00,4.80,7712409,0.0000,0.0000,0
combo-05-ds09-10-2p7gb-20597f,hadoop-inmapper,r8,0,354,5:53.66,491680,4.00,4.83,7712409,0.0000,0.0000,0
combo-05-ds09-10-2p7gb-20597f,hadoop-inmapper,r16,0,314,5:14.07,642152,5.00,4.80,7712409,0.0000,0.0000,0
combo-05-ds09-10-2p7gb-20597f,hadoop-inmapper,r24,0,331,5:31.26,577736,4.00,4.91,7712409,0.0000,0.0000,0
combo-05-ds09-10-2p7gb-20597f,pyspark-fastest,p4,0,510,8:29.26,974028,4.00,4.81,7712409,0.0000,0.0000,0
combo-05-ds09-10-2p7gb-20597f,pyspark-fastest,p8,0,365,6:04.34,943700,4.00,5.31,7712409,0.0000,0.0000,0
combo-05-ds09-10-2p7gb-20597f,pyspark-fastest,p16,0,272,4:31.76,868792,4.00,4.59,7712409,0.0000,0.0000,0
combo-05-ds09-10-2p7gb-20597f,pyspark-fastest,p24,0,230,3:50.05,894704,4.00,4.54,7712409,0.0000,0.0000,0
combo-05-ds09-10-2p7gb-20597f,pyspark-fastest,p32,0,218,3:37.69,882532,4.00,4.43,7712409,0.0000,0.0000,0
combo-05-ds09-10-2p7gb-20597f,pyspark-fastest,p40,0,241,4:00.88,841224,4.00,5.77,7712409,0.0000,0.0000,0
combo-05-ds09-10-2p7gb-20597f,java-spark,p4,0,358,5:57.52,821256,4.00,6.21,7712409,0.0000,0.0000,0
combo-05-ds09-10-2p7gb-20597f,java-spark,p8,0,303,5:03.33,802312,5.00,5.89,7712409,0.0000,0.0000,0
combo-05-ds09-10-2p7gb-20597f,java-spark,p16,0,248,4:07.53,827712,5.00,5.53,7712409,0.0000,0.0000,0
combo-05-ds09-10-2p7gb-20597f,java-spark,p24,0,227,3:46.62,806116,5.00,5.37,7712409,0.0000,0.0000,0
combo-05-ds09-10-2p7gb-20597f,java-spark,p32,0,226,3:45.57,826128,5.00,5.93,7712409,0.0000,0.0000,0
combo-05-ds09-10-2p7gb-20597f,java-spark,p40,0,211,3:30.37,912364,4.00,4.87,7712409,0.0000,0.0000,0
combo-05-ds09-10-2p7gb-20597f,sequential-python,local,0,680,11:19.75,4100968,0.00,5.89,7712409,0,0,0
